{
    "metrics": {
        "http_reqs": {
            "count": 190152,
            "rate": 6336.084370886834
        },
        "vus_max": {
            "min": 100,
            "max": 100,
            "value": 100
        },
        "http_req_blocked": {
            "med": 0.003883,
            "max": 43.714574,
            "p(90)": 0.006816,
            "p(95)": 0.008115,
            "avg": 0.01405730330472473,
            "min": 0.000575
        },
        "vus": {
            "max": 100,
            "value": 100,
            "min": 100
        },
        "iteration_duration": {
            "max": 125.749933,
            "p(90)": 23.825222,
            "p(95)": 28.012643699999987,
            "avg": 15.728759390950124,
            "min": 1.001899,
            "med": 14.693819
        },
        "data_sent": {
            "count": 56729183,
            "rate": 1890281.9311891492
        },
        "data_received": {
            "count": 48196258,
            "rate": 1605955.0099343134
        },
        "http_req_failed": {
            "passes": 0,
            "fails": 190152,
            "thresholds": {
                "rate<0.01": false
            },
            "value": 0
        },
        "http_req_waiting": {
            "min": 0.856336,
            "med": 14.062462499999999,
            "max": 83.709156,
            "p(90)": 22.4113731,
            "p(95)": 25.858222549999986,
            "avg": 14.824720541940195
        },
        "http_req_connecting": {
            "p(90)": 0,
            "p(95)": 0,
            "avg": 0.00042880376751230616,
            "min": 0,
            "med": 0,
            "max": 2.810536
        },
        "checks": {
            "passes": 190152,
            "fails": 0,
            "value": 1
        },
        "http_req_receiving": {
            "p(95)": 0.5995780499999999,
            "avg": 0.34659987786086394,
            "min": 0.006341,
            "med": 0.035635,
            "max": 57.935175,
            "p(90)": 0.17421229999999985
        },
        "iterations": {
            "count": 190152,
            "rate": 6336.084370886834
        },
        "http_req_duration": {
            "max": 125.624215,
            "p(90)": 23.1112854,
            "p(95)": 27.09617384999998,
            "avg": 15.26440020211218,
            "min": 0.891095,
            "med": 14.287823
        },
        "http_req_duration{expected_response:true}": {
            "med": 14.287823,
            "max": 125.624215,
            "p(90)": 23.1112854,
            "p(95)": 27.09617384999998,
            "avg": 15.26440020211218,
            "min": 0.891095
        },
        "http_req_tls_handshaking": {
            "min": 0,
            "med": 0,
            "max": 0,
            "p(90)": 0,
            "p(95)": 0,
            "avg": 0
        },
        "http_req_sending": {
            "p(90)": 0.03017879999999999,
            "p(95)": 0.10684629999999976,
            "avg": 0.09307978231099326,
            "min": 0.00232,
            "med": 0.014741,
            "max": 70.540026
        }
    },
    "root_group": {
        "id": "d41d8cd98f00b204e9800998ecf8427e",
        "groups": {},
        "checks": {
                "2xx": {
                    "path": "::2xx",
                    "id": "67e352a901723dd785c9b2fe7ab99432",
                    "passes": 190152,
                    "fails": 0,
                    "name": "2xx"
                }
            },
        "name": "",
        "path": ""
    }
}