{
    "root_group": {
        "name": "",
        "path": "",
        "id": "d41d8cd98f00b204e9800998ecf8427e",
        "groups": {},
        "checks": {
                "2xx": {
                    "name": "2xx",
                    "path": "::2xx",
                    "id": "67e352a901723dd785c9b2fe7ab99432",
                    "passes": 120330,
                    "fails": 0
                }
            }
    },
    "metrics": {
        "iteration_duration": {
            "avg": 24.899573781434825,
            "min": 4.064389,
            "med": 24.0098535,
            "max": 124.768185,
            "p(90)": 32.02268180000001,
            "p(95)": 35.5734721
        },
        "http_req_duration": {
            "avg": 24.467882757167466,
            "min": 3.292403,
            "med": 23.616864999999997,
            "max": 123.328293,
            "p(90)": 31.5069829,
            "p(95)": 34.94408804999999
        },
        "vus_max": {
            "value": 100,
            "min": 100,
            "max": 100
        },
        "iterations": {
            "count": 120330,
            "rate": 4007.180970735265
        },
        "http_reqs": {
            "count": 120330,
            "rate": 4007.180970735265
        },
        "http_req_failed": {
            "fails": 120330,
            "passes": 0,
            "thresholds": {
                "rate<0.01": false
            },
            "value": 0
        },
        "http_req_blocked": {
            "min": 0.000914,
            "med": 0.005047,
            "max": 22.977193,
            "p(90)": 0.007515,
            "p(95)": 0.009265099999999976,
            "avg": 0.014286293202027806
        },
        "data_received": {
            "count": 30458290,
            "rate": 1014309.6492074812
        },
        "http_req_waiting": {
            "min": 3.228672,
            "med": 23.392397,
            "max": 122.738855,
            "p(90)": 30.9540095,
            "p(95)": 34.04671209999999,
            "avg": 24.115705848308906
        },
        "checks": {
            "passes": 120330,
            "fails": 0,
            "value": 1
        },
        "http_req_connecting": {
            "max": 2.707436,
            "p(90)": 0,
            "p(95)": 0,
            "avg": 0.0003790677719604423,
            "min": 0,
            "med": 0
        },
        "vus": {
            "value": 100,
            "min": 100,
            "max": 100
        },
        "http_req_duration{expected_response:true}": {
            "avg": 24.467882757167466,
            "min": 3.292403,
            "med": 23.616864999999997,
            "max": 123.328293,
            "p(90)": 31.5069829,
            "p(95)": 34.94408804999999
        },
        "http_req_sending": {
            "avg": 0.08542026182996838,
            "min": 0.004018,
            "med": 0.0194295,
            "max": 40.088038,
            "p(90)": 0.0361601,
            "p(95)": 0.15404
        },
        "http_req_tls_handshaking": {
            "avg": 0,
            "min": 0,
            "med": 0,
            "max": 0,
            "p(90)": 0,
            "p(95)": 0
        },
        "http_req_receiving": {
            "min": 0.009368,
            "med": 0.0487235,
            "max": 35.987786,
            "p(90)": 0.21831410000000007,
            "p(95)": 0.5562609499999985,
            "avg": 0.2667566470290095
        },
        "data_sent": {
            "count": 28409658,
            "rate": 946086.9352837771
        }
    }
}