{
    "metrics": {
        "http_req_failed": {
            "passes": 0,
            "fails": 114218,
            "thresholds": {
                "rate<0.01": false
            },
            "value": 0
        },
        "http_req_duration{expected_response:true}": {
            "avg": 25.739035506374172,
            "min": 2.938856,
            "med": 24.725815,
            "max": 138.050258,
            "p(90)": 33.8312287,
            "p(95)": 37.89888645
        },
        "http_req_connecting": {
            "avg": 0.0006644819205379189,
            "min": 0,
            "med": 0,
            "max": 7.610263,
            "p(90)": 0,
            "p(95)": 0
        },
        "http_req_duration": {
            "p(90)": 33.8312287,
            "p(95)": 37.89888645,
            "avg": 25.739035506374172,
            "min": 2.938856,
            "med": 24.725815,
            "max": 138.050258
        },
        "iterations": {
            "count": 114218,
            "rate": 3804.9382288832626
        },
        "data_sent": {
            "count": 26960913,
            "rate": 898147.4772741225
        },
        "http_req_blocked": {
            "avg": 0.015987592857518267,
            "min": 0.001013,
            "med": 0.005081,
            "max": 17.816164,
            "p(90)": 0.007753,
            "p(95)": 0.009669
        },
        "http_req_receiving": {
            "med": 0.048048,
            "max": 38.783761,
            "p(90)": 0.23363160000000002,
            "p(95)": 0.6549604499999999,
            "avg": 0.29534389391339066,
            "min": 0.00982
        },
        "http_reqs": {
            "count": 114218,
            "rate": 3804.9382288832626
        },
        "data_received": {
            "count": 28904666,
            "rate": 962899.6187685152
        },
        "vus_max": {
            "value": 100,
            "min": 100,
            "max": 100
        },
        "http_req_sending": {
            "avg": 0.09321325988898464,
            "min": 0.003831,
            "med": 0.01953,
            "max": 34.466683,
            "p(90)": 0.0384813,
            "p(95)": 0.1643516999999999
        },
        "http_req_tls_handshaking": {
            "p(95)": 0,
            "avg": 0,
            "min": 0,
            "med": 0,
            "max": 0,
            "p(90)": 0
        },
        "http_req_waiting": {
            "min": 2.728685,
            "med": 24.484150999999997,
            "max": 135.815423,
            "p(90)": 33.178881000000004,
            "p(95)": 36.88769825,
            "avg": 25.350478352571177
        },
        "checks": {
            "passes": 114218,
            "fails": 0,
            "value": 1
        },
        "iteration_duration": {
            "min": 3.392716,
            "med": 25.1520845,
            "max": 138.533342,
            "p(90)": 34.457229000000005,
            "p(95)": 38.66676805,
            "avg": 26.222162193437097
        },
        "vus": {
            "value": 100,
            "min": 100,
            "max": 100
        }
    },
    "root_group": {
        "name": "",
        "path": "",
        "id": "d41d8cd98f00b204e9800998ecf8427e",
        "groups": {},
        "checks": {
                "2xx": {
                    "name": "2xx",
                    "path": "::2xx",
                    "id": "67e352a901723dd785c9b2fe7ab99432",
                    "passes": 114218,
                    "fails": 0
                }
            }
    }
}