{
    "metrics": {
        "checks": {
            "passes": 205696,
            "fails": 0,
            "value": 1
        },
        "http_req_receiving": {
            "min": 0.006156,
            "med": 0.0349705,
            "max": 64.603958,
            "p(90)": 0.159517,
            "p(95)": 0.48358325,
            "avg": 0.269286331722539
        },
        "http_req_connecting": {
            "med": 0,
            "max": 3.666739,
            "p(90)": 0,
            "p(95)": 0,
            "avg": 0.0008722092505444936,
            "min": 0
        },
        "http_req_duration{expected_response:true}": {
            "avg": 14.160065645189759,
            "min": 0.809638,
            "med": 13.3566065,
            "max": 104.033997,
            "p(90)": 21.8985415,
            "p(95)": 25.379347250000002
        },
        "data_received": {
            "count": 52145080,
            "rate": 1737293.4374681825
        },
        "http_reqs": {
            "count": 205696,
            "rate": 6853.078198623059
        },
        "http_req_tls_handshaking": {
            "min": 0,
            "med": 0,
            "max": 0,
            "p(90)": 0,
            "p(95)": 0,
            "avg": 0
        },
        "http_req_sending": {
            "avg": 0.07642312169901257,
            "min": 0.002096,
            "med": 0.01432,
            "max": 57.71087,
            "p(90)": 0.0296875,
            "p(95)": 0.10603625
        },
        "http_req_duration": {
            "min": 0.809638,
            "med": 13.3566065,
            "max": 104.033997,
            "p(90)": 21.8985415,
            "p(95)": 25.379347250000002,
            "avg": 14.160065645189759
        },
        "vus": {
            "value": 100,
            "min": 100,
            "max": 100
        },
        "http_req_failed": {
            "passes": 0,
            "fails": 205696,
            "thresholds": {
                "rate<0.01": false
            },
            "value": 0
        },
        "http_req_waiting": {
            "p(95)": 24.4743505,
            "avg": 13.814356191768196,
            "min": 0.784572,
            "med": 13.136702499999998,
            "max": 72.652302,
            "p(90)": 21.386936
        },
        "iterations": {
            "count": 205696,
            "rate": 6853.078198623059
        },
        "vus_max": {
            "value": 100,
            "min": 100,
            "max": 100
        },
        "data_sent": {
            "count": 61375627,
            "rate": 2044823.2893226936
        },
        "iteration_duration": {
            "avg": 14.551181046690054,
            "min": 0.88894,
            "med": 13.724145,
            "max": 104.23496,
            "p(90)": 22.4584155,
            "p(95)": 26.0550915
        },
        "http_req_blocked": {
            "p(95)": 0.00782525,
            "avg": 0.01334035364324044,
            "min": 0.000502,
            "med": 0.003746,
            "max": 29.896144,
            "p(90)": 0.006589
        }
    },
    "root_group": {
        "name": "",
        "path": "",
        "id": "d41d8cd98f00b204e9800998ecf8427e",
        "groups": {},
        "checks": {
                "2xx": {
                    "passes": 205696,
                    "fails": 0,
                    "name": "2xx",
                    "path": "::2xx",
                    "id": "67e352a901723dd785c9b2fe7ab99432"
                }
            }
    }
}