{
    "root_group": {
        "checks": {
            "2xx": {
                "path": "::2xx",
                "id": "67e352a901723dd785c9b2fe7ab99432",
                "passes": 178828,
                "fails": 0,
                "name": "2xx"
            }
        },
        "name": "",
        "path": "",
        "id": "d41d8cd98f00b204e9800998ecf8427e",
        "groups": {}
    },
    "metrics": {
        "http_reqs": {
            "rate": 5958.270637398788,
            "count": 178828
        },
        "data_received": {
            "count": 45309871,
            "rate": 1509654.3827791333
        },
        "http_req_tls_handshaking": {
            "min": 0,
            "med": 0,
            "max": 0,
            "p(90)": 0,
            "p(95)": 0,
            "avg": 0
        },
        "http_req_failed": {
            "passes": 0,
            "fails": 178828,
            "thresholds": {
                "rate<0.01": false
            },
            "value": 0
        },
        "http_req_sending": {
            "avg": 0.08694417716464975,
            "min": 0.002813,
            "med": 0.016785500000000002,
            "max": 35.53731,
            "p(90)": 0.03152330000000002,
            "p(95)": 0.12687949999999995
        },
        "http_req_waiting": {
            "med": 15.1750985,
            "max": 82.172535,
            "p(90)": 22.10727730000001,
            "p(95)": 25.0662764,
            "avg": 15.893712164297702,
            "min": 1.494367
        },
        "http_req_receiving": {
            "avg": 0.31070426186615,
            "min": 0.008081,
            "med": 0.040079,
            "max": 44.352889,
            "p(90)": 0.2053981000000003,
            "p(95)": 0.6697753999999996
        },
        "data_sent": {
            "count": 53344249,
            "rate": 1777347.353271242
        },
        "http_req_duration": {
            "med": 15.3740575,
            "max": 110.851215,
            "p(90)": 22.814816600000004,
            "p(95)": 26.323315599999997,
            "avg": 16.29136060332847,
            "min": 1.555769
        },
        "iterations": {
            "count": 178828,
            "rate": 5958.270637398788
        },
        "vus": {
            "min": 100,
            "max": 100,
            "value": 100
        },
        "iteration_duration": {
            "p(95)": 27.07802095,
            "avg": 16.730736467913587,
            "min": 1.763122,
            "med": 15.753511,
            "max": 110.93237,
            "p(90)": 23.4497819
        },
        "checks": {
            "fails": 0,
            "passes": 178828,
            "value": 1
        },
        "http_req_duration{expected_response:true}": {
            "p(90)": 22.814816600000004,
            "p(95)": 26.323315599999997,
            "avg": 16.29136060332847,
            "min": 1.555769,
            "med": 15.3740575,
            "max": 110.851215
        },
        "vus_max": {
            "min": 100,
            "max": 100,
            "value": 100
        },
        "http_req_connecting": {
            "max": 2.760781,
            "p(90)": 0,
            "p(95)": 0,
            "avg": 0.00015242859619298989,
            "min": 0,
            "med": 0
        },
        "http_req_blocked": {
            "min": 0.000771,
            "med": 0.004422,
            "max": 28.981315,
            "p(90)": 0.006808,
            "p(95)": 0.008004,
            "avg": 0.0130271212002593
        }
    }
}