{
    "root_group": {
        "checks": {
            "2xx": {
                "name": "2xx",
                "path": "::2xx",
                "id": "67e352a901723dd785c9b2fe7ab99432",
                "passes": 115392,
                "fails": 0
            }
        },
        "name": "",
        "path": "",
        "id": "d41d8cd98f00b204e9800998ecf8427e",
        "groups": {}
    },
    "metrics": {
        "http_req_blocked": {
            "min": 0.000883,
            "med": 0.004949,
            "max": 15.397528,
            "p(90)": 0.007608,
            "p(95)": 0.009484449999999997,
            "avg": 0.016529124263380383
        },
        "iterations": {
            "count": 115392,
            "rate": 3844.022120206226
        },
        "http_req_connecting": {
            "avg": 0.0006591183964226291,
            "min": 0,
            "med": 0,
            "max": 3.994944,
            "p(90)": 0,
            "p(95)": 0
        },
        "http_req_failed": {
            "passes": 0,
            "fails": 115392,
            "thresholds": {
                "rate<0.01": false
            },
            "value": 0
        },
        "checks": {
            "fails": 0,
            "passes": 115392,
            "value": 1
        },
        "http_req_duration": {
            "avg": 25.470967153537394,
            "min": 4.063751,
            "med": 24.365789,
            "max": 114.629359,
            "p(90)": 34.1353115,
            "p(95)": 38.41654109999998
        },
        "iteration_duration": {
            "avg": 25.95144086183635,
            "min": 4.24814,
            "med": 24.777956000000003,
            "max": 119.481857,
            "p(90)": 34.7730134,
            "p(95)": 39.16332715
        },
        "data_sent": {
            "rate": 907412.8820134547,
            "count": 27239226
        },
        "http_req_receiving": {
            "avg": 0.2918201453653662,
            "min": 0.009799,
            "med": 0.046917,
            "max": 40.758632,
            "p(90)": 0.21950140000000004,
            "p(95)": 0.6158604499999989
        },
        "vus": {
            "value": 100,
            "min": 100,
            "max": 100
        },
        "http_req_duration{expected_response:true}": {
            "avg": 25.470967153537394,
            "min": 4.063751,
            "med": 24.365789,
            "max": 114.629359,
            "p(90)": 34.1353115,
            "p(95)": 38.41654109999998
        },
        "http_req_tls_handshaking": {
            "p(90)": 0,
            "p(95)": 0,
            "avg": 0,
            "min": 0,
            "med": 0,
            "max": 0
        },
        "http_req_sending": {
            "max": 34.932301,
            "p(90)": 0.03633770000000003,
            "p(95)": 0.15281389999999992,
            "avg": 0.09260588597129885,
            "min": 0.003322,
            "med": 0.019141
        },
        "http_reqs": {
            "count": 115392,
            "rate": 3844.022120206226
        },
        "http_req_waiting": {
            "med": 24.136293000000002,
            "max": 114.560078,
            "p(90)": 33.454671499999996,
            "p(95)": 37.357818949999995,
            "avg": 25.08654112220084,
            "min": 3.977006
        },
        "data_received": {
            "rate": 972918.1276853927,
            "count": 29205599
        },
        "vus_max": {
            "value": 100,
            "min": 100,
            "max": 100
        }
    }
}