{
    "root_group": {
        "checks": {
            "2xx": {
                "name": "2xx",
                "path": "::2xx",
                "id": "67e352a901723dd785c9b2fe7ab99432",
                "passes": 119913,
                "fails": 0
            }
        },
        "name": "",
        "path": "",
        "id": "d41d8cd98f00b204e9800998ecf8427e",
        "groups": {}
    },
    "metrics": {
        "vus_max": {
            "value": 100,
            "min": 100,
            "max": 100
        },
        "http_reqs": {
            "rate": 3994.5415484667014,
            "count": 119913
        },
        "http_req_duration": {
            "p(90)": 33.1798924,
            "p(95)": 37.069922399999996,
            "avg": 24.55651901865544,
            "min": 2.48594,
            "med": 23.904757,
            "max": 107.493545
        },
        "http_req_receiving": {
            "max": 32.773172,
            "p(90)": 0.19903960000000012,
            "p(95)": 0.5256943999999993,
            "avg": 0.23393461243568356,
            "min": 0.006897,
            "med": 0.045649
        },
        "checks": {
            "passes": 119913,
            "fails": 0,
            "value": 1
        },
        "iteration_duration": {
            "avg": 24.985797377382088,
            "min": 2.57534,
            "med": 24.302386,
            "max": 107.628162,
            "p(90)": 33.754221,
            "p(95)": 37.67563439999999
        },
        "http_req_tls_handshaking": {
            "med": 0,
            "max": 0,
            "p(90)": 0,
            "p(95)": 0,
            "avg": 0,
            "min": 0
        },
        "http_req_failed": {
            "passes": 0,
            "fails": 119913,
            "thresholds": {
                "rate<0.01": false
            },
            "value": 0
        },
        "http_req_duration{expected_response:true}": {
            "avg": 24.55651901865544,
            "min": 2.48594,
            "med": 23.904757,
            "max": 107.493545,
            "p(90)": 33.1798924,
            "p(95)": 37.069922399999996
        },
        "http_req_waiting": {
            "min": 2.453867,
            "med": 23.68763,
            "max": 107.229824,
            "p(90)": 32.6581,
            "p(95)": 36.2800782,
            "avg": 24.243537011691696
        },
        "http_req_sending": {
            "max": 27.397542,
            "p(90)": 0.036187,
            "p(95)": 0.1394187999999999,
            "avg": 0.07904739452770046,
            "min": 0.002604,
            "med": 0.018784
        },
        "http_req_blocked": {
            "max": 16.434929,
            "p(90)": 0.007633,
            "p(95)": 0.009273,
            "avg": 0.013156146773077186,
            "min": 0.000645,
            "med": 0.004907
        },
        "data_sent": {
            "count": 28310745,
            "rate": 943087.4648332201
        },
        "vus": {
            "value": 100,
            "min": 100,
            "max": 100
        },
        "http_req_connecting": {
            "avg": 0.0001253720614111897,
            "min": 0,
            "med": 0,
            "max": 1.060129,
            "p(90)": 0,
            "p(95)": 0
        },
        "data_received": {
            "rate": 1011516.803404956,
            "count": 30364940
        },
        "iterations": {
            "count": 119913,
            "rate": 3994.5415484667014
        }
    }
}