{
    "root_group": {
        "name": "",
        "path": "",
        "id": "d41d8cd98f00b204e9800998ecf8427e",
        "groups": {},
        "checks": {
                "2xx": {
                    "path": "::2xx",
                    "id": "67e352a901723dd785c9b2fe7ab99432",
                    "passes": 192155,
                    "fails": 0,
                    "name": "2xx"
                }
            }
    },
    "metrics": {
        "vus_max": {
            "max": 100,
            "value": 100,
            "min": 100
        },
        "vus": {
            "min": 100,
            "max": 100,
            "value": 100
        },
        "iteration_duration": {
            "avg": 15.57337531129534,
            "min": 1.511281,
            "med": 14.797977,
            "max": 89.460505,
            "p(90)": 22.8069978,
            "p(95)": 26.6794059
        },
        "http_req_duration{expected_response:true}": {
            "max": 89.312476,
            "p(90)": 22.2111734,
            "p(95)": 25.9213046,
            "avg": 15.164382508417452,
            "min": 1.370852,
            "med": 14.438493
        },
        "http_req_connecting": {
            "avg": 0.00048700702557830924,
            "min": 0,
            "med": 0,
            "max": 3.330709,
            "p(90)": 0,
            "p(95)": 0
        },
        "data_received": {
            "rate": 1622819.323373827,
            "count": 48700094
        },
        "http_req_duration": {
            "med": 14.438493,
            "max": 89.312476,
            "p(90)": 22.2111734,
            "p(95)": 25.9213046,
            "avg": 15.164382508417452,
            "min": 1.370852
        },
        "http_req_blocked": {
            "p(90)": 0.006814600000000006,
            "p(95)": 0.008033,
            "avg": 0.013569218542322804,
            "min": 0.000556,
            "med": 0.004113,
            "max": 22.557305
        },
        "http_req_receiving": {
            "max": 40.509086,
            "p(90)": 0.1761300000000001,
            "p(95)": 0.5610073999999998,
            "avg": 0.28926014561682023,
            "min": 0.006588,
            "med": 0.037074
        },
        "http_reqs": {
            "count": 192155,
            "rate": 6403.126184579802
        },
        "iterations": {
            "count": 192155,
            "rate": 6403.126184579802
        },
        "http_req_failed": {
            "passes": 0,
            "fails": 192155,
            "thresholds": {
                "rate<0.01": false
            },
            "value": 0
        },
        "http_req_sending": {
            "avg": 0.0826787593713416,
            "min": 0.002228,
            "med": 0.015593,
            "max": 40.132499,
            "p(90)": 0.030015600000000007,
            "p(95)": 0.11639429999999987
        },
        "http_req_tls_handshaking": {
            "med": 0,
            "max": 0,
            "p(90)": 0,
            "p(95)": 0,
            "avg": 0,
            "min": 0
        },
        "data_sent": {
            "count": 57327919,
            "rate": 1910321.8716992529
        },
        "http_req_waiting": {
            "max": 66.645748,
            "p(90)": 21.634557200000003,
            "p(95)": 24.766384099999993,
            "avg": 14.792443603429689,
            "min": 1.32823,
            "med": 14.231452
        },
        "checks": {
            "passes": 192155,
            "fails": 0,
            "value": 1
        }
    }
}