{
    "root_group": {
        "name": "",
        "path": "",
        "id": "d41d8cd98f00b204e9800998ecf8427e",
        "groups": {},
        "checks": {
                "2xx": {
                    "name": "2xx",
                    "path": "::2xx",
                    "id": "67e352a901723dd785c9b2fe7ab99432",
                    "passes": 136855,
                    "fails": 0
                }
            }
    },
    "metrics": {
        "http_req_failed": {
            "passes": 0,
            "fails": 136855,
            "thresholds": {
                "rate<0.01": false
            },
            "value": 0
        },
        "http_req_duration": {
            "avg": 21.519147228380405,
            "min": 2.327595,
            "med": 21.275129,
            "max": 106.993609,
            "p(90)": 29.8393556,
            "p(95)": 33.1127487
        },
        "checks": {
            "passes": 136855,
            "fails": 0,
            "value": 1
        },
        "http_reqs": {
            "rate": 4559.136997404862,
            "count": 136855
        },
        "data_sent": {
            "count": 32326347,
            "rate": 1076908.0018899397
        },
        "iterations": {
            "count": 136855,
            "rate": 4559.136997404862
        },
        "vus_max": {
            "value": 100,
            "min": 100,
            "max": 100
        },
        "data_received": {
            "count": 34661798,
            "rate": 1154710.3551815709
        },
        "http_req_blocked": {
            "avg": 0.012591233561068192,
            "min": 0.000627,
            "med": 0.004363,
            "max": 19.892713,
            "p(90)": 0.00721,
            "p(95)": 0.008699299999999988
        },
        "http_req_duration{expected_response:true}": {
            "med": 21.275129,
            "max": 106.993609,
            "p(90)": 29.8393556,
            "p(95)": 33.1127487,
            "avg": 21.519147228380405,
            "min": 2.327595
        },
        "http_req_receiving": {
            "avg": 0.2221737883745562,
            "min": 0.006263,
            "med": 0.041131,
            "max": 32.143281,
            "p(90)": 0.17097180000000015,
            "p(95)": 0.45785759999999986
        },
        "http_req_sending": {
            "avg": 0.07235922715282765,
            "min": 0.002351,
            "med": 0.016938,
            "max": 26.744604,
            "p(90)": 0.03278480000000002,
            "p(95)": 0.12246859999999951
        },
        "http_req_waiting": {
            "p(95)": 32.4691439,
            "avg": 21.22461421285267,
            "min": 2.28805,
            "med": 21.05287,
            "max": 106.650437,
            "p(90)": 29.395438
        },
        "http_req_connecting": {
            "med": 0,
            "max": 0.862028,
            "p(90)": 0,
            "p(95)": 0,
            "avg": 0.0002048499214497095,
            "min": 0
        },
        "http_req_tls_handshaking": {
            "max": 0,
            "p(90)": 0,
            "p(95)": 0,
            "avg": 0,
            "min": 0,
            "med": 0
        },
        "iteration_duration": {
            "p(95)": 33.68723599999999,
            "avg": 21.890221958225624,
            "min": 2.415816,
            "med": 21.622305,
            "max": 107.79616,
            "p(90)": 30.3322328
        },
        "vus": {
            "value": 100,
            "min": 100,
            "max": 100
        }
    }
}