{
    "metrics": {
        "iterations": {
            "rate": 5984.9771842559385,
            "count": 179614
        },
        "http_req_duration{expected_response:true}": {
            "p(95)": 27.334605700000004,
            "avg": 16.186156179696415,
            "min": 1.161293,
            "med": 15.3064465,
            "max": 92.993481,
            "p(90)": 23.5047137
        },
        "http_reqs": {
            "rate": 5984.9771842559385,
            "count": 179614
        },
        "http_req_sending": {
            "min": 0.002163,
            "med": 0.016494,
            "max": 42.471911,
            "p(90)": 0.03181070000000001,
            "p(95)": 0.1275559500000001,
            "avg": 0.10591813734452733
        },
        "data_sent": {
            "count": 53579210,
            "rate": 1785330.483149741
        },
        "http_req_duration": {
            "med": 15.3064465,
            "max": 92.993481,
            "p(90)": 23.5047137,
            "p(95)": 27.334605700000004,
            "avg": 16.186156179696415,
            "min": 1.161293
        },
        "http_req_waiting": {
            "avg": 15.715367776927124,
            "min": 1.126357,
            "med": 15.090127500000001,
            "max": 71.019728,
            "p(90)": 22.751359900000008,
            "p(95)": 25.810961950000003
        },
        "http_req_receiving": {
            "p(95)": 0.6586112000000004,
            "avg": 0.36487026542474565,
            "min": 0.006632,
            "med": 0.038801,
            "max": 48.262184,
            "p(90)": 0.19264370000000058
        },
        "checks": {
            "passes": 179614,
            "fails": 0,
            "value": 1
        },
        "data_received": {
            "count": 45527971,
            "rate": 1517052.4996963823
        },
        "iteration_duration": {
            "avg": 16.653251867309873,
            "min": 1.242197,
            "med": 15.7002205,
            "max": 93.146305,
            "p(90)": 24.213315100000003,
            "p(95)": 28.310988750000003
        },
        "http_req_blocked": {
            "avg": 0.01409971918670019,
            "min": 0.000545,
            "med": 0.004343,
            "max": 29.3295,
            "p(90)": 0.006955,
            "p(95)": 0.008224
        },
        "vus_max": {
            "max": 100,
            "value": 100,
            "min": 100
        },
        "http_req_failed": {
            "passes": 0,
            "fails": 179614,
            "thresholds": {
                "rate<0.01": false
            },
            "value": 0
        },
        "http_req_connecting": {
            "avg": 0.00031986974846058775,
            "min": 0,
            "med": 0,
            "max": 3.712336,
            "p(90)": 0,
            "p(95)": 0
        },
        "http_req_tls_handshaking": {
            "p(95)": 0,
            "avg": 0,
            "min": 0,
            "med": 0,
            "max": 0,
            "p(90)": 0
        },
        "vus": {
            "value": 100,
            "min": 100,
            "max": 100
        }
    },
    "root_group": {
        "checks": {
            "2xx": {
                "name": "2xx",
                "path": "::2xx",
                "id": "67e352a901723dd785c9b2fe7ab99432",
                "passes": 179614,
                "fails": 0
            }
        },
        "name": "",
        "path": "",
        "id": "d41d8cd98f00b204e9800998ecf8427e",
        "groups": {}
    }
}