{
    "metrics": {
        "data_received": {
            "count": 28054518,
            "rate": 935020.230659084
        },
        "data_sent": {
            "rate": 873001.9111715598,
            "count": 26193709
        },
        "http_req_duration{expected_response:true}": {
            "min": 3.018383,
            "med": 24.197386,
            "max": 247.352407,
            "p(90)": 34.143575,
            "p(95)": 39.1304145,
            "avg": 25.573613003752666
        },
        "iterations": {
            "count": 144129,
            "rate": 4803.630232558732
        },
        "checks": {
            "passes": 110871,
            "fails": 33258,
            "value": 0.769248381658098
        },
        "iteration_duration": {
            "avg": 20.772347367712225,
            "min": 0.07146,
            "med": 22.652059,
            "max": 247.508441,
            "p(90)": 33.0554286,
            "p(95)": 37.9090528
        },
        "http_req_tls_handshaking": {
            "max": 0,
            "p(90)": 0,
            "p(95)": 0,
            "avg": 0,
            "min": 0,
            "med": 0
        },
        "http_req_failed": {
            "passes": 33258,
            "fails": 110871,
            "thresholds": {
                "rate<0.01": true
            },
            "value": 0.23075161834190205
        },
        "http_reqs": {
            "count": 144129,
            "rate": 4803.630232558732
        },
        "http_req_sending": {
            "avg": 0.07417718550048874,
            "min": 0,
            "med": 0.016921,
            "max": 79.350093,
            "p(90)": 0.0304312,
            "p(95)": 0.093267
        },
        "http_req_receiving": {
            "avg": 0.24788052427339213,
            "min": 0,
            "med": 0.038615,
            "max": 86.699514,
            "p(90)": 0.1297034,
            "p(95)": 0.40277860000000026
        },
        "http_req_waiting": {
            "med": 22.011555,
            "max": 171.845443,
            "p(90)": 31.849661599999997,
            "p(95)": 36.200367,
            "avg": 19.357386051342786,
            "min": 0
        },
        "vus": {
            "value": 100,
            "min": 100,
            "max": 100
        },
        "http_req_duration": {
            "avg": 19.67944376111719,
            "min": 0,
            "med": 22.21963,
            "max": 247.352407,
            "p(90)": 32.4286342,
            "p(95)": 37.150681
        },
        "http_req_connecting": {
            "avg": 0.00029456878907090176,
            "min": 0,
            "med": 0,
            "max": 9.736067,
            "p(90)": 0,
            "p(95)": 0
        },
        "vus_max": {
            "value": 100,
            "min": 100,
            "max": 100
        },
        "http_req_blocked": {
            "avg": 0.012311391336927298,
            "min": 0,
            "med": 0.004408,
            "max": 19.797531,
            "p(90)": 0.007163,
            "p(95)": 0.008543
        }
    },
    "root_group": {
        "name": "",
        "path": "",
        "id": "d41d8cd98f00b204e9800998ecf8427e",
        "groups": {},
        "checks": {
                "2xx": {
                    "fails": 33258,
                    "name": "2xx",
                    "path": "::2xx",
                    "id": "67e352a901723dd785c9b2fe7ab99432",
                    "passes": 110871
                }
            }
    }
}