{
    "root_group": {
        "name": "",
        "path": "",
        "id": "d41d8cd98f00b204e9800998ecf8427e",
        "groups": {},
        "checks": {
                "2xx": {
                    "passes": 119597,
                    "fails": 0,
                    "name": "2xx",
                    "path": "::2xx",
                    "id": "67e352a901723dd785c9b2fe7ab99432"
                }
            }
    },
    "metrics": {
        "http_req_receiving": {
            "p(95)": 0.463553799999999,
            "avg": 0.22771217757970755,
            "min": 0.008644,
            "med": 0.048026,
            "max": 86.124573,
            "p(90)": 0.17939160000000035
        },
        "checks": {
            "passes": 119597,
            "fails": 0,
            "value": 1
        },
        "iterations": {
            "count": 119597,
            "rate": 3983.7453893364254
        },
        "http_req_tls_handshaking": {
            "max": 0,
            "p(90)": 0,
            "p(95)": 0,
            "avg": 0,
            "min": 0,
            "med": 0
        },
        "vus": {
            "value": 100,
            "min": 100,
            "max": 100
        },
        "iteration_duration": {
            "min": 5.458527,
            "med": 24.084748,
            "max": 136.021276,
            "p(90)": 32.3624306,
            "p(95)": 35.874600799999996,
            "avg": 25.053022765043863
        },
        "http_req_failed": {
            "fails": 119597,
            "passes": 0,
            "thresholds": {
                "rate<0.01": false
            },
            "value": 0
        },
        "http_req_duration": {
            "max": 135.90862,
            "p(90)": 31.837299400000003,
            "p(95)": 35.283477999999995,
            "avg": 24.642363994949733,
            "min": 4.97753,
            "med": 23.705096
        },
        "http_req_waiting": {
            "p(90)": 31.370543,
            "p(95)": 34.611413399999996,
            "avg": 24.341894746373683,
            "min": 4.598863,
            "med": 23.512869,
            "max": 114.455034
        },
        "http_req_blocked": {
            "avg": 0.013547976128163707,
            "min": 0.000881,
            "med": 0.005054,
            "max": 23.557884,
            "p(90)": 0.00751,
            "p(95)": 0.009191
        },
        "http_req_duration{expected_response:true}": {
            "med": 23.705096,
            "max": 135.90862,
            "p(90)": 31.837299400000003,
            "p(95)": 35.283477999999995,
            "avg": 24.642363994949733,
            "min": 4.97753
        },
        "data_received": {
            "count": 30269208,
            "rate": 1008259.5534074035
        },
        "http_reqs": {
            "rate": 3983.7453893364254,
            "count": 119597
        },
        "data_sent": {
            "count": 28235891,
            "rate": 940530.285751782
        },
        "http_req_sending": {
            "p(95)": 0.13425899999999996,
            "avg": 0.07275707099676426,
            "min": 0.003582,
            "med": 0.019187,
            "max": 55.843652,
            "p(90)": 0.03451240000000001
        },
        "vus_max": {
            "min": 100,
            "max": 100,
            "value": 100
        },
        "http_req_connecting": {
            "med": 0,
            "max": 3.525577,
            "p(90)": 0,
            "p(95)": 0,
            "avg": 0.00045248726138615513,
            "min": 0
        }
    }
}