{
    "root_group": {
        "name": "",
        "path": "",
        "id": "d41d8cd98f00b204e9800998ecf8427e",
        "groups": {},
        "checks": {
                "2xx": {
                    "name": "2xx",
                    "path": "::2xx",
                    "id": "67e352a901723dd785c9b2fe7ab99432",
                    "passes": 137426,
                    "fails": 0
                }
            }
    },
    "metrics": {
        "http_req_duration{expected_response:true}": {
            "avg": 21.42080067203451,
            "min": 3.64399,
            "med": 21.2827355,
            "max": 117.968569,
            "p(90)": 30.314221500000002,
            "p(95)": 33.89721375
        },
        "http_req_connecting": {
            "avg": 0.00016392679696709502,
            "min": 0,
            "med": 0,
            "max": 1.639759,
            "p(90)": 0,
            "p(95)": 0
        },
        "iteration_duration": {
            "max": 118.340951,
            "p(90)": 30.8529355,
            "p(95)": 34.460187250000004,
            "avg": 21.796885260023704,
            "min": 3.957384,
            "med": 21.6689145
        },
        "http_req_failed": {
            "fails": 137426,
            "passes": 0,
            "thresholds": {
                "rate<0.01": false
            },
            "value": 0
        },
        "http_req_receiving": {
            "avg": 0.19880177561014595,
            "min": 0.006176,
            "med": 0.0415045,
            "max": 35.695849,
            "p(90)": 0.1720495,
            "p(95)": 0.43455849999999996
        },
        "http_req_duration": {
            "max": 117.968569,
            "p(90)": 30.314221500000002,
            "p(95)": 33.89721375,
            "avg": 21.42080067203451,
            "min": 3.64399,
            "med": 21.2827355
        },
        "http_req_sending": {
            "min": 0.002241,
            "med": 0.017353,
            "max": 30.573815,
            "p(90)": 0.034357,
            "p(95)": 0.12765725,
            "avg": 0.06740426082400686
        },
        "data_received": {
            "count": 34795372,
            "rate": 1159157.2224970763
        },
        "http_req_waiting": {
            "avg": 21.154594635600258,
            "min": 3.537066,
            "med": 21.0701495,
            "max": 109.276518,
            "p(90)": 29.927792,
            "p(95)": 33.282362250000006
        },
        "http_reqs": {
            "count": 137426,
            "rate": 4578.14735990991
        },
        "checks": {
            "fails": 0,
            "passes": 137426,
            "value": 1
        },
        "vus": {
            "value": 100,
            "min": 100,
            "max": 100
        },
        "http_req_blocked": {
            "max": 21.3443,
            "p(90)": 0.00721,
            "p(95)": 0.008759,
            "avg": 0.012729643109746336,
            "min": 0.000574,
            "med": 0.004419
        },
        "http_req_tls_handshaking": {
            "avg": 0,
            "min": 0,
            "med": 0,
            "max": 0,
            "p(90)": 0,
            "p(95)": 0
        },
        "data_sent": {
            "count": 32461720,
            "rate": 1081414.9994625088
        },
        "iterations": {
            "count": 137426,
            "rate": 4578.14735990991
        },
        "vus_max": {
            "min": 100,
            "max": 100,
            "value": 100
        }
    }
}