{
    "root_group": {
        "path": "",
        "id": "d41d8cd98f00b204e9800998ecf8427e",
        "groups": {},
        "checks": {
                "2xx": {
                    "name": "2xx",
                    "path": "::2xx",
                    "id": "67e352a901723dd785c9b2fe7ab99432",
                    "passes": 179869,
                    "fails": 0
                }
            },
        "name": ""
    },
    "metrics": {
        "http_req_duration{expected_response:true}": {
            "min": 1.149292,
            "med": 15.302477,
            "max": 95.964054,
            "p(90)": 22.789210000000004,
            "p(95)": 26.3370086,
            "avg": 16.207161771305834
        },
        "http_req_waiting": {
            "p(95)": 25.091201,
            "avg": 15.825787596751056,
            "min": 1.091981,
            "med": 15.107749,
            "max": 79.535249,
            "p(90)": 22.0914626
        },
        "http_req_blocked": {
            "avg": 0.013607274055006849,
            "min": 0.000551,
            "med": 0.004457,
            "max": 25.630674,
            "p(90)": 0.006844,
            "p(95)": 0.008012600000000005
        },
        "http_req_tls_handshaking": {
            "avg": 0,
            "min": 0,
            "med": 0,
            "max": 0,
            "p(90)": 0,
            "p(95)": 0
        },
        "data_received": {
            "count": 45563894,
            "rate": 1518164.5465136971
        },
        "http_req_failed": {
            "passes": 0,
            "fails": 179869,
            "thresholds": {
                "rate<0.01": false
            },
            "value": 0
        },
        "http_reqs": {
            "count": 179869,
            "rate": 5993.138751856287
        },
        "http_req_duration": {
            "max": 95.964054,
            "p(90)": 22.789210000000004,
            "p(95)": 26.3370086,
            "avg": 16.207161771305834,
            "min": 1.149292,
            "med": 15.302477
        },
        "http_req_connecting": {
            "max": 4.852905,
            "p(90)": 0,
            "p(95)": 0,
            "avg": 0.0012864002246079094,
            "min": 0,
            "med": 0
        },
        "data_sent": {
            "count": 53655444,
            "rate": 1787770.6591155503
        },
        "iteration_duration": {
            "med": 15.673481,
            "max": 96.136424,
            "p(90)": 23.416600000000003,
            "p(95)": 27.09216200000001,
            "avg": 16.63485261985684,
            "min": 1.285861
        },
        "http_req_sending": {
            "avg": 0.08792045933985235,
            "min": 0.002364,
            "med": 0.016874,
            "max": 30.50128,
            "p(90)": 0.031515,
            "p(95)": 0.1289406000000003
        },
        "http_req_receiving": {
            "max": 38.127281,
            "p(90)": 0.19174900000000022,
            "p(95)": 0.5720496000000007,
            "avg": 0.2934537152149656,
            "min": 0.006447,
            "med": 0.040023
        },
        "vus": {
            "value": 100,
            "min": 100,
            "max": 100
        },
        "iterations": {
            "count": 179869,
            "rate": 5993.138751856287
        },
        "checks": {
            "passes": 179869,
            "fails": 0,
            "value": 1
        },
        "vus_max": {
            "value": 100,
            "min": 100,
            "max": 100
        }
    }
}