{
    "root_group": {
        "checks": {
            "2xx": {
                "name": "2xx",
                "path": "::2xx",
                "id": "67e352a901723dd785c9b2fe7ab99432",
                "passes": 173495,
                "fails": 0
            }
        },
        "name": "",
        "path": "",
        "id": "d41d8cd98f00b204e9800998ecf8427e",
        "groups": {}
    },
    "metrics": {
        "http_req_failed": {
            "passes": 0,
            "fails": 173495,
            "thresholds": {
                "rate<0.01": false
            },
            "value": 0
        },
        "http_reqs": {
            "count": 173495,
            "rate": 5780.988598856306
        },
        "http_req_duration": {
            "max": 100.968211,
            "p(90)": 23.8884772,
            "p(95)": 27.952930299999995,
            "avg": 16.782982998472708,
            "min": 1.90977,
            "med": 15.762917
        },
        "data_received": {
            "count": 43955799,
            "rate": 1464641.4759654135
        },
        "http_req_tls_handshaking": {
            "avg": 0,
            "min": 0,
            "med": 0,
            "max": 0,
            "p(90)": 0,
            "p(95)": 0
        },
        "http_req_receiving": {
            "avg": 0.355003867563905,
            "min": 0.006905,
            "med": 0.039663,
            "max": 45.551555,
            "p(90)": 0.20711900000000025,
            "p(95)": 0.6741978999999987
        },
        "data_sent": {
            "count": 51750104,
            "rate": 1724353.7924068598
        },
        "vus_max": {
            "value": 100,
            "min": 100,
            "max": 100
        },
        "iterations": {
            "count": 173495,
            "rate": 5780.988598856306
        },
        "vus": {
            "max": 100,
            "value": 100,
            "min": 100
        },
        "http_req_connecting": {
            "max": 2.937266,
            "p(90)": 0,
            "p(95)": 0,
            "avg": 0.0003001703564944235,
            "min": 0,
            "med": 0
        },
        "http_req_waiting": {
            "p(95)": 26.386735099999985,
            "avg": 16.32369582687654,
            "min": 1.697704,
            "med": 15.546847,
            "max": 100.924774,
            "p(90)": 23.088292400000004
        },
        "checks": {
            "passes": 173495,
            "fails": 0,
            "value": 1
        },
        "http_req_duration{expected_response:true}": {
            "avg": 16.782982998472708,
            "min": 1.90977,
            "med": 15.762917,
            "max": 100.968211,
            "p(90)": 23.8884772,
            "p(95)": 27.952930299999995
        },
        "http_req_sending": {
            "avg": 0.10428330403181987,
            "min": 0.002396,
            "med": 0.016805,
            "max": 38.371078,
            "p(90)": 0.03231620000000001,
            "p(95)": 0.1372006999999998
        },
        "http_req_blocked": {
            "med": 0.004421,
            "max": 26.114473,
            "p(90)": 0.006886,
            "p(95)": 0.008089,
            "avg": 0.015258901553358909,
            "min": 0.000597
        },
        "iteration_duration": {
            "avg": 17.24738730953013,
            "min": 2.134735,
            "med": 16.157818,
            "max": 121.886574,
            "p(90)": 24.589367800000005,
            "p(95)": 28.81093059999999
        }
    }
}