{
    "root_group": {
        "name": "",
        "path": "",
        "id": "d41d8cd98f00b204e9800998ecf8427e",
        "groups": {},
        "checks": {
                "2xx": {
                    "name": "2xx",
                    "path": "::2xx",
                    "id": "67e352a901723dd785c9b2fe7ab99432",
                    "passes": 102328,
                    "fails": 0
                }
            }
    },
    "metrics": {
        "http_req_receiving": {
            "max": 39.250294,
            "p(90)": 0.17784370000000024,
            "p(95)": 0.48735249999999997,
            "avg": 0.2213469268821852,
            "min": 0.006555,
            "med": 0.044008
        },
        "http_req_duration{expected_response:true}": {
            "med": 24.7965445,
            "max": 209.583132,
            "p(90)": 49.87891610000001,
            "p(95)": 60.75852379999999,
            "avg": 28.884137770609534,
            "min": 3.648552
        },
        "http_req_connecting": {
            "min": 0,
            "med": 0,
            "max": 3.423631,
            "p(90)": 0,
            "p(95)": 0,
            "avg": 0.0005742776170745057
        },
        "http_reqs": {
            "count": 102328,
            "rate": 3406.427274204958
        },
        "iteration_duration": {
            "min": 3.73261,
            "med": 25.214382,
            "max": 213.329376,
            "p(90)": 50.379357500000005,
            "p(95)": 61.34585884999999,
            "avg": 29.289890325072435
        },
        "http_req_sending": {
            "avg": 0.07377286007739772,
            "min": 0.002079,
            "med": 0.0178445,
            "max": 44.736789,
            "p(90)": 0.0356023,
            "p(95)": 0.11975269999999955
        },
        "http_req_duration": {
            "avg": 28.884137770609534,
            "min": 3.648552,
            "med": 24.7965445,
            "max": 209.583132,
            "p(90)": 49.87891610000001,
            "p(95)": 60.75852379999999
        },
        "http_req_tls_handshaking": {
            "avg": 0,
            "min": 0,
            "med": 0,
            "max": 0,
            "p(90)": 0,
            "p(95)": 0
        },
        "http_req_failed": {
            "passes": 0,
            "fails": 102328,
            "thresholds": {
                "rate<0.01": false
            },
            "value": 0
        },
        "data_sent": {
            "count": 30476875,
            "rate": 1014553.7705470177
        },
        "http_req_waiting": {
            "p(90)": 49.303761900000005,
            "p(95)": 60.06011279999999,
            "avg": 28.589017983650617,
            "min": 3.613219,
            "med": 24.5462865,
            "max": 205.6411
        },
        "iterations": {
            "count": 102328,
            "rate": 3406.427274204958
        },
        "vus": {
            "value": 100,
            "min": 100,
            "max": 100
        },
        "vus_max": {
            "max": 100,
            "value": 100,
            "min": 100
        },
        "data_received": {
            "count": 27318564,
            "rate": 909415.8148474874
        },
        "http_req_blocked": {
            "max": 21.876081,
            "p(90)": 0.007664,
            "p(95)": 0.009144,
            "avg": 0.013868048823391193,
            "min": 0.000549,
            "med": 0.004653
        },
        "checks": {
            "passes": 102328,
            "fails": 0,
            "value": 1
        }
    }
}