{
    "metrics": {
        "http_req_waiting": {
            "med": 23.8112,
            "max": 115.976942,
            "p(90)": 32.271272200000006,
            "p(95)": 35.97948579999999,
            "avg": 24.813949945729362,
            "min": 2.979196
        },
        "data_received": {
            "count": 29661471,
            "rate": 988085.2688599088
        },
        "http_req_failed": {
            "passes": 0,
            "fails": 117227,
            "thresholds": {
                "rate<0.01": false
            },
            "value": 0
        },
        "http_req_blocked": {
            "med": 0.005047,
            "max": 28.176632,
            "p(90)": 0.007504,
            "p(95)": 0.009152,
            "avg": 0.014873910814061402,
            "min": 0.00084
        },
        "http_req_connecting": {
            "p(95)": 0,
            "avg": 0.0008714423724909791,
            "min": 0,
            "med": 0,
            "max": 5.691644,
            "p(90)": 0
        },
        "vus_max": {
            "value": 100,
            "min": 100,
            "max": 100
        },
        "http_req_sending": {
            "med": 0.019324,
            "max": 43.772236,
            "p(90)": 0.03663540000000001,
            "p(95)": 0.15073679999999998,
            "avg": 0.08070288164842467,
            "min": 0.003354
        },
        "http_req_duration{expected_response:true}": {
            "min": 3.187958,
            "med": 24.02162,
            "max": 130.975893,
            "p(90)": 32.705406800000006,
            "p(95)": 36.634209,
            "avg": 25.127941545565516
        },
        "iterations": {
            "count": 117227,
            "rate": 3905.075099365117
        },
        "http_req_tls_handshaking": {
            "p(90)": 0,
            "p(95)": 0,
            "avg": 0,
            "min": 0,
            "med": 0,
            "max": 0
        },
        "vus": {
            "max": 100,
            "value": 100,
            "min": 100
        },
        "checks": {
            "passes": 117227,
            "fails": 0,
            "value": 1
        },
        "http_reqs": {
            "count": 117227,
            "rate": 3905.075099365117
        },
        "http_req_duration": {
            "avg": 25.127941545565516,
            "min": 3.187958,
            "med": 24.02162,
            "max": 130.975893,
            "p(90)": 32.705406800000006,
            "p(95)": 36.634209
        },
        "http_req_receiving": {
            "avg": 0.23328871818778765,
            "min": 0.00939,
            "med": 0.048223,
            "max": 52.33467,
            "p(90)": 0.21051760000000017,
            "p(95)": 0.5212716
        },
        "data_sent": {
            "count": 27674201,
            "rate": 921885.1733809209
        },
        "iteration_duration": {
            "p(95)": 37.2377633,
            "avg": 25.54861856968931,
            "min": 3.593994,
            "med": 24.400141,
            "max": 132.056946,
            "p(90)": 33.1999008
        }
    },
    "root_group": {
        "id": "d41d8cd98f00b204e9800998ecf8427e",
        "groups": {},
        "checks": {
                "2xx": {
                    "fails": 0,
                    "name": "2xx",
                    "path": "::2xx",
                    "id": "67e352a901723dd785c9b2fe7ab99432",
                    "passes": 117227
                }
            },
        "name": "",
        "path": ""
    }
}