{
    "root_group": {
        "id": "d41d8cd98f00b204e9800998ecf8427e",
        "groups": {},
        "checks": {
                "2xx": {
                    "id": "67e352a901723dd785c9b2fe7ab99432",
                    "passes": 174125,
                    "fails": 0,
                    "name": "2xx",
                    "path": "::2xx"
                }
            },
        "name": "",
        "path": ""
    },
    "metrics": {
        "http_req_sending": {
            "med": 0.016908,
            "max": 46.215607,
            "p(90)": 0.03366920000000004,
            "p(95)": 0.14608259999999978,
            "avg": 0.1136978223977018,
            "min": 0.00249
        },
        "http_req_duration": {
            "p(90)": 24.0060196,
            "p(95)": 28.43990379999998,
            "avg": 16.700081536534185,
            "min": 1.22529,
            "med": 15.491927,
            "max": 168.467429
        },
        "http_req_receiving": {
            "p(90)": 0.22075440000000005,
            "p(95)": 0.7288099999999997,
            "avg": 0.3845161555893664,
            "min": 0.006656,
            "med": 0.040057,
            "max": 63.84353
        },
        "iterations": {
            "count": 174125,
            "rate": 5801.438319068943
        },
        "vus": {
            "max": 100,
            "value": 100,
            "min": 100
        },
        "vus_max": {
            "value": 100,
            "min": 100,
            "max": 100
        },
        "http_req_tls_handshaking": {
            "avg": 0,
            "min": 0,
            "med": 0,
            "max": 0,
            "p(90)": 0,
            "p(95)": 0
        },
        "http_req_connecting": {
            "p(90)": 0,
            "p(95)": 0,
            "avg": 0.0005921151586503947,
            "min": 0,
            "med": 0,
            "max": 2.346292
        },
        "checks": {
            "passes": 174125,
            "fails": 0,
            "value": 1
        },
        "http_req_blocked": {
            "min": 0.000675,
            "med": 0.004468,
            "max": 27.629886,
            "p(90)": 0.006984600000000006,
            "p(95)": 0.008273,
            "avg": 0.01650683143718606
        },
        "http_req_waiting": {
            "p(95)": 26.6453858,
            "avg": 16.201867558547193,
            "min": 1.174099,
            "med": 15.271165,
            "max": 107.228227,
            "p(90)": 23.109875600000006
        },
        "data_sent": {
            "count": 51938364,
            "rate": 1730464.9828534152
        },
        "data_received": {
            "count": 44109701,
            "rate": 1469632.216075082
        },
        "http_reqs": {
            "count": 174125,
            "rate": 5801.438319068943
        },
        "http_req_duration{expected_response:true}": {
            "p(95)": 28.43990379999998,
            "avg": 16.700081536534185,
            "min": 1.22529,
            "med": 15.491927,
            "max": 168.467429,
            "p(90)": 24.0060196
        },
        "http_req_failed": {
            "passes": 0,
            "fails": 174125,
            "thresholds": {
                "rate<0.01": false
            },
            "value": 0
        },
        "iteration_duration": {
            "avg": 17.186287976763655,
            "min": 1.361151,
            "med": 15.889152,
            "max": 168.626006,
            "p(90)": 24.7341876,
            "p(95)": 29.427880799999997
        }
    }
}