{
    "metrics": {
        "iterations": {
            "count": 181295,
            "rate": 6040.472298695304
        },
        "data_received": {
            "count": 45947519,
            "rate": 1530901.1043507883
        },
        "iteration_duration": {
            "p(90)": 23.004477,
            "p(95)": 26.5306758,
            "avg": 16.50345454150952,
            "min": 1.573034,
            "med": 15.589205,
            "max": 109.443451
        },
        "checks": {
            "passes": 181295,
            "fails": 0,
            "value": 1
        },
        "data_sent": {
            "rate": 1801920.8486405977,
            "count": 54081738
        },
        "http_req_duration{expected_response:true}": {
            "p(95)": 25.735460799999988,
            "avg": 16.064537900504853,
            "min": 1.257231,
            "med": 15.210837,
            "max": 104.318046,
            "p(90)": 22.374789
        },
        "vus_max": {
            "value": 100,
            "min": 100,
            "max": 100
        },
        "http_req_failed": {
            "passes": 0,
            "fails": 181295,
            "thresholds": {
                "rate<0.01": false
            },
            "value": 0
        },
        "http_req_duration": {
            "p(95)": 25.735460799999988,
            "avg": 16.064537900504853,
            "min": 1.257231,
            "med": 15.210837,
            "max": 104.318046,
            "p(90)": 22.374789
        },
        "http_req_waiting": {
            "max": 104.238447,
            "p(90)": 21.683726000000004,
            "p(95)": 24.417334299999997,
            "avg": 15.662428020226653,
            "min": 1.174553,
            "med": 15.014262
        },
        "http_req_sending": {
            "p(90)": 0.032236600000000004,
            "p(95)": 0.13669749999999994,
            "avg": 0.09038101384483879,
            "min": 0.003256,
            "med": 0.016838,
            "max": 28.039698
        },
        "http_req_connecting": {
            "p(95)": 0,
            "avg": 0.001417586094486886,
            "min": 0,
            "med": 0,
            "max": 5.29338,
            "p(90)": 0
        },
        "http_req_receiving": {
            "max": 42.425466,
            "p(90)": 0.2070122000000001,
            "p(95)": 0.6173534999999994,
            "avg": 0.311728866433158,
            "min": 0.009024,
            "med": 0.04025
        },
        "http_req_tls_handshaking": {
            "max": 0,
            "p(90)": 0,
            "p(95)": 0,
            "avg": 0,
            "min": 0,
            "med": 0
        },
        "vus": {
            "value": 100,
            "min": 100,
            "max": 100
        },
        "http_reqs": {
            "count": 181295,
            "rate": 6040.472298695304
        },
        "http_req_blocked": {
            "p(95)": 0.008055299999999987,
            "avg": 0.015470767141950892,
            "min": 0.000769,
            "med": 0.004464,
            "max": 21.889509,
            "p(90)": 0.006858
        }
    },
    "root_group": {
        "id": "d41d8cd98f00b204e9800998ecf8427e",
        "groups": {},
        "checks": {
                "2xx": {
                    "id": "67e352a901723dd785c9b2fe7ab99432",
                    "passes": 181295,
                    "fails": 0,
                    "name": "2xx",
                    "path": "::2xx"
                }
            },
        "name": "",
        "path": ""
    }
}