{
    "root_group": {
        "id": "d41d8cd98f00b204e9800998ecf8427e",
        "groups": {},
        "checks": {
                "2xx": {
                    "fails": 0,
                    "name": "2xx",
                    "path": "::2xx",
                    "id": "67e352a901723dd785c9b2fe7ab99432",
                    "passes": 179577
                }
            },
        "name": "",
        "path": ""
    },
    "metrics": {
        "vus_max": {
            "value": 100,
            "min": 100,
            "max": 100
        },
        "data_sent": {
            "count": 53568167,
            "rate": 1784901.4101495757
        },
        "http_req_duration": {
            "min": 1.540297,
            "med": 15.420684,
            "max": 87.226471,
            "p(90)": 22.503325799999995,
            "p(95)": 25.768711599999996,
            "avg": 16.24368414371559
        },
        "iteration_duration": {
            "min": 1.750533,
            "med": 15.787224,
            "max": 87.379809,
            "p(90)": 23.1157032,
            "p(95)": 26.525226599999982,
            "avg": 16.669351344877278
        },
        "http_req_receiving": {
            "avg": 0.3136195073255426,
            "min": 0.007934,
            "med": 0.040419,
            "max": 36.459085,
            "p(90)": 0.20128099999999977,
            "p(95)": 0.613851199999999
        },
        "http_req_waiting": {
            "p(95)": 24.585092,
            "avg": 15.837883534233196,
            "min": 1.43946,
            "med": 15.233105,
            "max": 75.236534,
            "p(90)": 21.834430599999997
        },
        "http_req_failed": {
            "passes": 0,
            "fails": 179577,
            "thresholds": {
                "rate<0.01": false
            },
            "value": 0
        },
        "iterations": {
            "count": 179577,
            "rate": 5983.5394504058795
        },
        "http_reqs": {
            "count": 179577,
            "rate": 5983.5394504058795
        },
        "checks": {
            "passes": 179577,
            "fails": 0,
            "value": 1
        },
        "http_req_duration{expected_response:true}": {
            "med": 15.420684,
            "max": 87.226471,
            "p(90)": 22.503325799999995,
            "p(95)": 25.768711599999996,
            "avg": 16.24368414371559,
            "min": 1.540297
        },
        "http_req_sending": {
            "avg": 0.09218110215673617,
            "min": 0.003049,
            "med": 0.016909,
            "max": 39.211701,
            "p(90)": 0.0315354,
            "p(95)": 0.13145039999999997
        },
        "http_req_connecting": {
            "min": 0,
            "med": 0,
            "max": 0.942829,
            "p(90)": 0,
            "p(95)": 0,
            "avg": 0.0001597537824999861
        },
        "http_req_blocked": {
            "med": 0.004443,
            "max": 22.638308,
            "p(90)": 0.00683,
            "p(95)": 0.00801,
            "avg": 0.012334187919388593,
            "min": 0.000655
        },
        "vus": {
            "value": 100,
            "min": 100,
            "max": 100
        },
        "http_req_tls_handshaking": {
            "max": 0,
            "p(90)": 0,
            "p(95)": 0,
            "avg": 0,
            "min": 0,
            "med": 0
        },
        "data_received": {
            "count": 45494647,
            "rate": 1515890.2036830413
        }
    }
}