{
    "root_group": {
        "id": "d41d8cd98f00b204e9800998ecf8427e",
        "groups": {},
        "checks": {
                "2xx": {
                    "passes": 170294,
                    "fails": 0,
                    "name": "2xx",
                    "path": "::2xx",
                    "id": "67e352a901723dd785c9b2fe7ab99432"
                }
            },
        "name": "",
        "path": ""
    },
    "metrics": {
        "http_reqs": {
            "count": 170294,
            "rate": 5674.102305495905
        },
        "http_req_failed": {
            "passes": 0,
            "fails": 170294,
            "thresholds": {
                "rate<0.01": false
            },
            "value": 0
        },
        "http_req_sending": {
            "p(95)": 0.12189305000000002,
            "avg": 0.058425478472523884,
            "min": 0.002255,
            "med": 0.017343,
            "max": 25.804374,
            "p(90)": 0.03324320000000007
        },
        "data_sent": {
            "count": 50793320,
            "rate": 1692405.4524281025
        },
        "http_req_connecting": {
            "avg": 0.00024412273479981688,
            "min": 0,
            "med": 0,
            "max": 3.537104,
            "p(90)": 0,
            "p(95)": 0
        },
        "http_req_duration{expected_response:true}": {
            "avg": 17.26448350178515,
            "min": 3.118709,
            "med": 16.879146,
            "max": 82.765307,
            "p(90)": 22.610142500000002,
            "p(95)": 24.987769750000002
        },
        "iterations": {
            "count": 170294,
            "rate": 5674.102305495905
        },
        "http_req_tls_handshaking": {
            "avg": 0,
            "min": 0,
            "med": 0,
            "max": 0,
            "p(90)": 0,
            "p(95)": 0
        },
        "vus_max": {
            "value": 100,
            "min": 100,
            "max": 100
        },
        "http_req_duration": {
            "p(95)": 24.987769750000002,
            "avg": 17.26448350178515,
            "min": 3.118709,
            "med": 16.879146,
            "max": 82.765307,
            "p(90)": 22.610142500000002
        },
        "http_req_waiting": {
            "min": 3.072212,
            "med": 16.7330005,
            "max": 61.079578,
            "p(90)": 22.2716666,
            "p(95)": 24.5347873,
            "avg": 17.049275466692695
        },
        "http_req_blocked": {
            "p(90)": 0.0069,
            "p(95)": 0.008082,
            "avg": 0.010411537799335126,
            "min": 0.000548,
            "med": 0.004624,
            "max": 14.281725
        },
        "http_req_receiving": {
            "med": 0.043111,
            "max": 32.15445,
            "p(90)": 0.14411890000000008,
            "p(95)": 0.3633716500000007,
            "avg": 0.15678255661972812,
            "min": 0.006525
        },
        "checks": {
            "passes": 170294,
            "fails": 0,
            "value": 1
        },
        "data_received": {
            "count": 33149790,
            "rate": 1104532.7484568164
        },
        "vus": {
            "max": 100,
            "value": 100,
            "min": 100
        },
        "iteration_duration": {
            "med": 17.1829845,
            "max": 83.048009,
            "p(90)": 23.027849500000006,
            "p(95)": 25.44887835,
            "avg": 17.586897313023474,
            "min": 3.197338
        }
    }
}