{
    "metrics": {
        "checks": {
            "passes": 120728,
            "fails": 0,
            "value": 1
        },
        "http_req_blocked": {
            "avg": 0.01327684301073481,
            "min": 0.000656,
            "med": 0.004838,
            "max": 18.642547,
            "p(90)": 0.00739,
            "p(95)": 0.008891649999999994
        },
        "data_received": {
            "count": 23472491,
            "rate": 781838.6064139791
        },
        "vus_max": {
            "value": 100,
            "min": 100,
            "max": 100
        },
        "http_req_duration": {
            "med": 24.391234500000003,
            "max": 91.082456,
            "p(90)": 33.2063248,
            "p(95)": 37.08661854999999,
            "avg": 24.500201861962516,
            "min": 5.189504
        },
        "http_req_tls_handshaking": {
            "p(95)": 0,
            "avg": 0,
            "min": 0,
            "med": 0,
            "max": 0,
            "p(90)": 0
        },
        "http_req_failed": {
            "passes": 0,
            "fails": 120728,
            "thresholds": {
                "rate<0.01": false
            },
            "value": 0
        },
        "vus": {
            "min": 100,
            "max": 100,
            "value": 100
        },
        "http_reqs": {
            "count": 120728,
            "rate": 4021.2950246800337
        },
        "http_req_sending": {
            "min": 0.002717,
            "med": 0.018708,
            "max": 31.088535,
            "p(90)": 0.035221300000000004,
            "p(95)": 0.1103753,
            "avg": 0.05195632014114405
        },
        "http_req_duration{expected_response:true}": {
            "min": 5.189504,
            "med": 24.391234500000003,
            "max": 91.082456,
            "p(90)": 33.2063248,
            "p(95)": 37.08661854999999,
            "avg": 24.500201861962516
        },
        "iterations": {
            "count": 120728,
            "rate": 4021.2950246800337
        },
        "http_req_connecting": {
            "p(95)": 0,
            "avg": 0.0008285353936120868,
            "min": 0,
            "med": 0,
            "max": 4.439047,
            "p(90)": 0
        },
        "http_req_waiting": {
            "avg": 24.315139907759235,
            "min": 5.06737,
            "med": 24.242961,
            "max": 83.28674,
            "p(90)": 32.9229393,
            "p(95)": 36.6961659
        },
        "data_sent": {
            "rate": 949430.459994937,
            "count": 28503962
        },
        "iteration_duration": {
            "avg": 24.823615674814558,
            "min": 5.32954,
            "med": 24.72083,
            "max": 91.627675,
            "p(90)": 33.647245999999996,
            "p(95)": 37.590627899999994
        },
        "http_req_receiving": {
            "p(90)": 0.13096100000000013,
            "p(95)": 0.32064294999999987,
            "avg": 0.1331056340616909,
            "min": 0.006779,
            "med": 0.0460055,
            "max": 39.752517
        }
    },
    "root_group": {
        "name": "",
        "path": "",
        "id": "d41d8cd98f00b204e9800998ecf8427e",
        "groups": {},
        "checks": {
                "2xx": {
                    "id": "67e352a901723dd785c9b2fe7ab99432",
                    "passes": 120728,
                    "fails": 0,
                    "name": "2xx",
                    "path": "::2xx"
                }
            }
    }
}