{
    "root_group": {
        "checks": {
            "2xx": {
                "name": "2xx",
                "path": "::2xx",
                "id": "67e352a901723dd785c9b2fe7ab99432",
                "passes": 120986,
                "fails": 0
            }
        },
        "name": "",
        "path": "",
        "id": "d41d8cd98f00b204e9800998ecf8427e",
        "groups": {}
    },
    "metrics": {
        "iterations": {
            "count": 120986,
            "rate": 4030.4023996436376
        },
        "checks": {
            "passes": 120986,
            "fails": 0,
            "value": 1
        },
        "vus_max": {
            "value": 100,
            "min": 100,
            "max": 100
        },
        "vus": {
            "value": 100,
            "min": 100,
            "max": 100
        },
        "http_req_connecting": {
            "avg": 0.0016787310019341082,
            "min": 0,
            "med": 0,
            "max": 4.928313,
            "p(90)": 0,
            "p(95)": 0
        },
        "http_req_sending": {
            "p(90)": 0.021632,
            "p(95)": 0.026221,
            "avg": 0.0162276049873539,
            "min": 0.002133,
            "med": 0.012334,
            "max": 5.617177
        },
        "http_req_receiving": {
            "max": 3.822254,
            "p(90)": 0.057848,
            "p(95)": 0.0697515,
            "avg": 0.03913052459788697,
            "min": 0.005848,
            "med": 0.0340885
        },
        "http_req_failed": {
            "passes": 0,
            "fails": 120986,
            "thresholds": {
                "rate<0.01": false
            },
            "value": 0
        },
        "http_req_duration{expected_response:true}": {
            "max": 68.347615,
            "p(90)": 31.5667015,
            "p(95)": 34.69482525,
            "avg": 24.672031238970163,
            "min": 10.14768,
            "med": 23.9876485
        },
        "http_req_blocked": {
            "p(95)": 0.005969,
            "avg": 0.00571078958722497,
            "min": 0.000532,
            "med": 0.003117,
            "max": 5.738561,
            "p(90)": 0.005038
        },
        "http_req_waiting": {
            "avg": 24.61667310938406,
            "min": 10.085537,
            "med": 23.935538,
            "max": 68.286095,
            "p(90)": 31.4951915,
            "p(95)": 34.62296550000001
        },
        "data_received": {
            "rate": 791449.1258254008,
            "count": 23757991
        },
        "iteration_duration": {
            "avg": 24.789638594548233,
            "min": 10.255235,
            "med": 24.1016005,
            "max": 68.484862,
            "p(90)": 31.7162465,
            "p(95)": 34.87721125
        },
        "http_req_tls_handshaking": {
            "avg": 0,
            "min": 0,
            "med": 0,
            "max": 0,
            "p(90)": 0,
            "p(95)": 0
        },
        "http_reqs": {
            "rate": 4030.4023996436376,
            "count": 120986
        },
        "http_req_duration": {
            "max": 68.347615,
            "p(90)": 31.5667015,
            "p(95)": 34.69482525,
            "avg": 24.672031238970163,
            "min": 10.14768,
            "med": 23.9876485
        },
        "data_sent": {
            "count": 36054135,
            "rate": 1201070.1421741
        }
    }
}