{
    "metrics": {
        "http_req_connecting": {
            "p(90)": 0,
            "p(95)": 0,
            "avg": 0.002921960078144908,
            "min": 0,
            "med": 0,
            "max": 5.844165
        },
        "checks": {
            "passes": 58865,
            "fails": 0,
            "value": 1
        },
        "iterations": {
            "count": 58865,
            "rate": 1959.6095952944804
        },
        "vus": {
            "value": 100,
            "min": 100,
            "max": 100
        },
        "http_req_receiving": {
            "med": 0.036292,
            "max": 2.945827,
            "p(90)": 0.0690184,
            "p(95)": 0.085579,
            "avg": 0.04297986627027934,
            "min": 0.005977
        },
        "data_received": {
            "count": 11419673,
            "rate": 380159.70077168616
        },
        "vus_max": {
            "min": 100,
            "max": 100,
            "value": 100
        },
        "http_req_tls_handshaking": {
            "p(95)": 0,
            "avg": 0,
            "min": 0,
            "med": 0,
            "max": 0,
            "p(90)": 0
        },
        "data_sent": {
            "rate": 583440.74174681,
            "count": 17526062
        },
        "http_req_sending": {
            "med": 0.012798,
            "max": 2.226559,
            "p(90)": 0.0238186,
            "p(95)": 0.029783599999999993,
            "avg": 0.016774267782213474,
            "min": 0.002161
        },
        "http_req_failed": {
            "passes": 0,
            "fails": 58865,
            "thresholds": {
                "rate<0.01": false
            },
            "value": 0
        },
        "http_req_duration": {
            "med": 49.342644,
            "max": 109.671089,
            "p(90)": 62.527494,
            "p(95)": 71.13762119999997,
            "avg": 50.85611360261657,
            "min": 22.707999
        },
        "http_req_duration{expected_response:true}": {
            "avg": 50.85611360261657,
            "min": 22.707999,
            "med": 49.342644,
            "max": 109.671089,
            "p(90)": 62.527494,
            "p(95)": 71.13762119999997
        },
        "http_reqs": {
            "count": 58865,
            "rate": 1959.6095952944804
        },
        "http_req_blocked": {
            "max": 5.914241,
            "p(90)": 0.005566,
            "p(95)": 0.006807799999999996,
            "avg": 0.00724985978085454,
            "min": 0.000529,
            "med": 0.003152
        },
        "http_req_waiting": {
            "avg": 50.79635946856363,
            "min": 22.528882,
            "med": 49.291444,
            "max": 107.974343,
            "p(90)": 62.4626828,
            "p(95)": 71.02399079999999
        },
        "iteration_duration": {
            "max": 113.970306,
            "p(90)": 62.67215339999999,
            "p(95)": 71.40416679999996,
            "avg": 50.98274678437071,
            "min": 22.830769,
            "med": 49.454531
        }
    },
    "root_group": {
        "name": "",
        "path": "",
        "id": "d41d8cd98f00b204e9800998ecf8427e",
        "groups": {},
        "checks": {
                "2xx": {
                    "id": "67e352a901723dd785c9b2fe7ab99432",
                    "passes": 58865,
                    "fails": 0,
                    "name": "2xx",
                    "path": "::2xx"
                }
            }
    }
}