{
    "root_group": {
        "name": "",
        "path": "",
        "id": "d41d8cd98f00b204e9800998ecf8427e",
        "groups": {},
        "checks": {
                "2xx": {
                    "name": "2xx",
                    "path": "::2xx",
                    "id": "67e352a901723dd785c9b2fe7ab99432",
                    "passes": 35540,
                    "fails": 0
                }
            }
    },
    "metrics": {
        "http_req_sending": {
            "min": 0.00217,
            "med": 0.0165415,
            "max": 4.60194,
            "p(90)": 0.032174,
            "p(95)": 0.03895709999999999,
            "avg": 0.021844631626336545
        },
        "http_req_blocked": {
            "med": 0.003946,
            "max": 7.584222,
            "p(90)": 0.007469100000000002,
            "p(95)": 0.009,
            "avg": 0.012216020596511,
            "min": 0.000537
        },
        "http_req_receiving": {
            "avg": 0.05515545942599891,
            "min": 0.006066,
            "med": 0.045788499999999996,
            "max": 2.658165,
            "p(90)": 0.09241450000000001,
            "p(95)": 0.11232254999999995
        },
        "vus": {
            "value": 100,
            "min": 100,
            "max": 100
        },
        "http_reqs": {
            "count": 35540,
            "rate": 1182.6150455869217
        },
        "http_req_duration{expected_response:true}": {
            "med": 82.138548,
            "max": 208.227904,
            "p(90)": 104.9078664,
            "p(95)": 116.01703534999989,
            "avg": 84.30547606496927,
            "min": 38.42791
        },
        "http_req_tls_handshaking": {
            "p(95)": 0,
            "avg": 0,
            "min": 0,
            "med": 0,
            "max": 0,
            "p(90)": 0
        },
        "http_req_failed": {
            "fails": 35540,
            "passes": 0,
            "thresholds": {
                "rate<0.01": false
            },
            "value": 0
        },
        "iteration_duration": {
            "avg": 84.46647921440598,
            "min": 38.608934,
            "med": 82.28962100000001,
            "max": 215.184904,
            "p(90)": 105.05279690000002,
            "p(95)": 116.19638804999987
        },
        "data_sent": {
            "count": 10577079,
            "rate": 351958.715919006
        },
        "http_req_duration": {
            "avg": 84.30547606496927,
            "min": 38.42791,
            "med": 82.138548,
            "max": 208.227904,
            "p(90)": 104.9078664,
            "p(95)": 116.01703534999989
        },
        "iterations": {
            "count": 35540,
            "rate": 1182.6150455869217
        },
        "checks": {
            "passes": 35540,
            "fails": 0,
            "value": 1
        },
        "data_received": {
            "count": 6890529,
            "rate": 229286.5297538831
        },
        "vus_max": {
            "max": 100,
            "value": 100,
            "min": 100
        },
        "http_req_connecting": {
            "avg": 0.006631756612267867,
            "min": 0,
            "med": 0,
            "max": 7.470938,
            "p(90)": 0,
            "p(95)": 0
        },
        "http_req_waiting": {
            "avg": 84.22847597391687,
            "min": 38.309162,
            "med": 82.0637815,
            "max": 207.765188,
            "p(90)": 104.81975020000003,
            "p(95)": 115.95908750000001
        }
    }
}