{
    "root_group": {
        "name": "",
        "path": "",
        "id": "d41d8cd98f00b204e9800998ecf8427e",
        "groups": {},
        "checks": {
                "2xx": {
                    "name": "2xx",
                    "path": "::2xx",
                    "id": "67e352a901723dd785c9b2fe7ab99432",
                    "passes": 36489,
                    "fails": 0
                }
            }
    },
    "metrics": {
        "http_req_sending": {
            "p(95)": 0.037783599999999994,
            "avg": 0.020789862561319726,
            "min": 0.00237,
            "med": 0.016167,
            "max": 4.32338,
            "p(90)": 0.03143040000000001
        },
        "vus": {
            "max": 100,
            "value": 100,
            "min": 100
        },
        "http_req_blocked": {
            "p(95)": 0.008967,
            "avg": 0.006181273205623599,
            "min": 0.000565,
            "med": 0.003928,
            "max": 4.150509,
            "p(90)": 0.007424
        },
        "data_sent": {
            "count": 10859803,
            "rate": 361324.30796415906
        },
        "http_req_duration": {
            "min": 36.995809,
            "med": 79.444894,
            "max": 208.50534,
            "p(90)": 104.22127500000005,
            "p(95)": 115.86155879999997,
            "avg": 82.13383167647895
        },
        "http_req_duration{expected_response:true}": {
            "avg": 82.13383167647895,
            "min": 36.995809,
            "med": 79.444894,
            "max": 208.50534,
            "p(90)": 104.22127500000005,
            "p(95)": 115.86155879999997
        },
        "checks": {
            "passes": 36489,
            "fails": 0,
            "value": 1
        },
        "iteration_duration": {
            "avg": 82.28665645180754,
            "min": 37.119429,
            "med": 79.600897,
            "max": 208.656955,
            "p(90)": 104.3948872,
            "p(95)": 116.03423679999999
        },
        "http_req_failed": {
            "passes": 0,
            "fails": 36489,
            "thresholds": {
                "rate<0.01": false
            },
            "value": 0
        },
        "iterations": {
            "count": 36489,
            "rate": 1214.0517349443817
        },
        "vus_max": {
            "max": 100,
            "value": 100,
            "min": 100
        },
        "http_req_connecting": {
            "med": 0,
            "max": 2.724772,
            "p(90)": 0,
            "p(95)": 0,
            "avg": 0.0009866927841267231,
            "min": 0
        },
        "data_received": {
            "count": 7075256,
            "rate": 235405.92567556375
        },
        "http_req_tls_handshaking": {
            "min": 0,
            "med": 0,
            "max": 0,
            "p(90)": 0,
            "p(95)": 0,
            "avg": 0
        },
        "http_req_waiting": {
            "avg": 82.05842564304396,
            "min": 36.934749,
            "med": 79.382082,
            "max": 208.450256,
            "p(90)": 104.15739640000001,
            "p(95)": 115.7611992
        },
        "http_reqs": {
            "count": 36489,
            "rate": 1214.0517349443817
        },
        "http_req_receiving": {
            "min": 0.006437,
            "med": 0.04498,
            "max": 7.130267,
            "p(90)": 0.09090960000000008,
            "p(95)": 0.11130319999999999,
            "avg": 0.0546161708734137
        }
    }
}