{
    "metrics": {
        "iterations": {
            "count": 78702,
            "rate": 2620.8360290365363
        },
        "http_reqs": {
            "count": 78702,
            "rate": 2620.8360290365363
        },
        "http_req_tls_handshaking": {
            "p(95)": 0,
            "avg": 0,
            "min": 0,
            "med": 0,
            "max": 0,
            "p(90)": 0
        },
        "http_req_waiting": {
            "avg": 37.94662672099765,
            "min": 15.554228,
            "med": 36.8552655,
            "max": 114.127961,
            "p(90)": 48.697925399999995,
            "p(95)": 52.76375155
        },
        "vus": {
            "value": 100,
            "min": 100,
            "max": 100
        },
        "http_req_sending": {
            "med": 0.013867,
            "max": 10.058997,
            "p(90)": 0.022738900000000006,
            "p(95)": 0.02668795,
            "avg": 0.016397031003023935,
            "min": 0.002296
        },
        "http_req_blocked": {
            "max": 2.665826,
            "p(90)": 0.005103,
            "p(95)": 0.005924,
            "avg": 0.004359141178114971,
            "min": 0.000544,
            "med": 0.003292
        },
        "checks": {
            "passes": 78702,
            "fails": 0,
            "value": 1
        },
        "vus_max": {
            "value": 100,
            "min": 100,
            "max": 100
        },
        "data_sent": {
            "count": 18564248,
            "rate": 618203.4765364217
        },
        "http_req_receiving": {
            "avg": 0.041596169258723004,
            "min": 0.006406,
            "med": 0.0374405,
            "max": 5.040234,
            "p(90)": 0.059737,
            "p(95)": 0.07037074999999998
        },
        "http_req_failed": {
            "passes": 0,
            "fails": 78702,
            "thresholds": {
                "rate<0.01": false
            },
            "value": 0
        },
        "http_req_connecting": {
            "max": 1.119861,
            "p(90)": 0,
            "p(95)": 0,
            "avg": 0.0004375057558893042,
            "min": 0,
            "med": 0
        },
        "data_received": {
            "count": 15425592,
            "rate": 513683.8616911611
        },
        "http_req_duration{expected_response:true}": {
            "avg": 38.00461992125968,
            "min": 15.610794,
            "med": 36.9097205,
            "max": 114.188431,
            "p(90)": 48.7692617,
            "p(95)": 52.84865265
        },
        "iteration_duration": {
            "avg": 38.12667348724265,
            "min": 15.735032,
            "med": 37.0301835,
            "max": 114.373604,
            "p(90)": 48.915221100000004,
            "p(95)": 53.003265299999995
        },
        "http_req_duration": {
            "avg": 38.00461992125968,
            "min": 15.610794,
            "med": 36.9097205,
            "max": 114.188431,
            "p(90)": 48.7692617,
            "p(95)": 52.84865265
        }
    },
    "root_group": {
        "name": "",
        "path": "",
        "id": "d41d8cd98f00b204e9800998ecf8427e",
        "groups": {},
        "checks": {
                "2xx": {
                    "name": "2xx",
                    "path": "::2xx",
                    "id": "67e352a901723dd785c9b2fe7ab99432",
                    "passes": 78702,
                    "fails": 0
                }
            }
    }
}