{
    "root_group": {
        "checks": {
            "2xx": {
                "passes": 73929,
                "fails": 0,
                "name": "2xx",
                "path": "::2xx",
                "id": "67e352a901723dd785c9b2fe7ab99432"
            }
        },
        "name": "",
        "path": "",
        "id": "d41d8cd98f00b204e9800998ecf8427e",
        "groups": {}
    },
    "metrics": {
        "http_req_connecting": {
            "med": 0,
            "max": 5.851714,
            "p(90)": 0,
            "p(95)": 0,
            "avg": 0.0009178903948382911,
            "min": 0
        },
        "http_req_receiving": {
            "avg": 0.05401995368529295,
            "min": 0.005592,
            "med": 0.041678,
            "max": 13.081286,
            "p(90)": 0.0898524,
            "p(95)": 0.11314079999999993
        },
        "http_req_blocked": {
            "avg": 0.006572585453610908,
            "min": 0.00054,
            "med": 0.003816,
            "max": 8.242211,
            "p(90)": 0.007653,
            "p(95)": 0.009175
        },
        "http_req_waiting": {
            "p(95)": 60.65210619999999,
            "avg": 40.33620425820698,
            "min": 13.319871,
            "med": 38.633796,
            "max": 178.928749,
            "p(90)": 53.6081636
        },
        "http_req_failed": {
            "passes": 0,
            "fails": 73929,
            "thresholds": {
                "rate<0.01": false
            },
            "value": 0
        },
        "checks": {
            "passes": 73929,
            "fails": 0,
            "value": 1
        },
        "data_received": {
            "count": 14490084,
            "rate": 482774.6066691859
        },
        "iteration_duration": {
            "min": 13.518991,
            "med": 38.862338,
            "max": 180.097456,
            "p(90)": 53.8681554,
            "p(95)": 60.944947799999994,
            "avg": 40.56926693706146
        },
        "http_req_sending": {
            "avg": 0.020935255407215043,
            "min": 0.002098,
            "med": 0.015283,
            "max": 10.336871,
            "p(90)": 0.032078,
            "p(95)": 0.039024599999999944
        },
        "vus": {
            "min": 100,
            "max": 100,
            "value": 100
        },
        "http_reqs": {
            "count": 73929,
            "rate": 2463.135748312173
        },
        "http_req_tls_handshaking": {
            "avg": 0,
            "min": 0,
            "med": 0,
            "max": 0,
            "p(90)": 0,
            "p(95)": 0
        },
        "data_sent": {
            "count": 22013930,
            "rate": 733450.9859979412
        },
        "vus_max": {
            "value": 100,
            "min": 100,
            "max": 100
        },
        "iterations": {
            "count": 73929,
            "rate": 2463.135748312173
        },
        "http_req_duration{expected_response:true}": {
            "max": 179.197557,
            "p(90)": 53.68885859999999,
            "p(95)": 60.73922159999996,
            "avg": 40.41115946729996,
            "min": 13.375052,
            "med": 38.710205
        },
        "http_req_duration": {
            "min": 13.375052,
            "med": 38.710205,
            "max": 179.197557,
            "p(90)": 53.68885859999999,
            "p(95)": 60.73922159999996,
            "avg": 40.41115946729996
        }
    }
}