{
    "root_group": {
        "name": "",
        "path": "",
        "id": "d41d8cd98f00b204e9800998ecf8427e",
        "groups": {},
        "checks": {
                "2xx": {
                    "id": "67e352a901723dd785c9b2fe7ab99432",
                    "passes": 84840,
                    "fails": 0,
                    "name": "2xx",
                    "path": "::2xx"
                }
            }
    },
    "metrics": {
        "vus_max": {
            "value": 100,
            "min": 100,
            "max": 100
        },
        "http_reqs": {
            "count": 84840,
            "rate": 2826.004095891021
        },
        "http_req_failed": {
            "passes": 0,
            "fails": 84840,
            "thresholds": {
                "rate<0.01": false
            },
            "value": 0
        },
        "http_req_connecting": {
            "min": 0,
            "med": 0,
            "max": 2.014172,
            "p(90)": 0,
            "p(95)": 0,
            "avg": 0.000642689592173503
        },
        "http_req_duration{expected_response:true}": {
            "avg": 35.2000962473247,
            "min": 15.95307,
            "med": 33.507077,
            "max": 124.984741,
            "p(90)": 46.698796800000004,
            "p(95)": 51.4464735
        },
        "http_req_sending": {
            "avg": 0.021308489403583125,
            "min": 0.002269,
            "med": 0.0167385,
            "max": 7.983668,
            "p(90)": 0.028674,
            "p(95)": 0.03477605
        },
        "http_req_duration": {
            "avg": 35.2000962473247,
            "min": 15.95307,
            "med": 33.507077,
            "max": 124.984741,
            "p(90)": 46.698796800000004,
            "p(95)": 51.4464735
        },
        "http_req_tls_handshaking": {
            "avg": 0,
            "min": 0,
            "med": 0,
            "max": 0,
            "p(90)": 0,
            "p(95)": 0
        },
        "data_received": {
            "count": 16634705,
            "rate": 554098.8267791
        },
        "http_req_receiving": {
            "med": 0.0451755,
            "max": 6.111553,
            "p(90)": 0.0794681,
            "p(95)": 0.096598,
            "avg": 0.05437458006836361,
            "min": 0.007424
        },
        "iterations": {
            "count": 84840,
            "rate": 2826.004095891021
        },
        "checks": {
            "passes": 84840,
            "fails": 0,
            "value": 1
        },
        "http_req_blocked": {
            "med": 0.004097,
            "max": 2.944489,
            "p(90)": 0.006492,
            "p(95)": 0.007516050000000003,
            "avg": 0.00568511910655339,
            "min": 0.000665
        },
        "http_req_waiting": {
            "min": 15.909305,
            "med": 33.439718,
            "max": 124.882621,
            "p(90)": 46.596029800000004,
            "p(95)": 51.34081930000001,
            "avg": 35.12441317785233
        },
        "vus": {
            "value": 100,
            "min": 100,
            "max": 100
        },
        "data_sent": {
            "count": 25264529,
            "rate": 841556.605784506
        },
        "iteration_duration": {
            "med": 33.652660499999996,
            "max": 125.222229,
            "p(90)": 46.8934903,
            "p(95)": 51.65349105000002,
            "avg": 35.35674649673529,
            "min": 16.046208
        }
    }
}